{
  "iou_0.50": {
    "mAP": 0.11325705711423698,
    "per_class_AP": {
      "car": 0.5727470413747413,
      "truck": 0.0015578057193724266,
      "bus": 0.0,
      "person": 0.17538833715304303,
      "bike": 0.003952569169960474,
      "motor": 0.0,
      "rider": 0.0,
      "traffic light": 0.18760321854951514,
      "traffic sign": 0.19132159917573727,
      "train": 0.0
    },
    "iou_threshold": 0.5,
    "score_threshold": 0.05,
    "total_ground_truths": {
      "9": 34908,
      "8": 26885,
      "1": 102506,
      "7": 649,
      "6": 452,
      "4": 13262,
      "3": 1597,
      "2": 4245,
      "5": 1007,
      "10": 15
    }
  },
  "iou_0.75": {
    "mAP": 0.050749799450797516,
    "per_class_AP": {
      "car": 0.29929412591017435,
      "truck": 0.0009550229660284688,
      "bus": 0.0,
      "person": 0.05601469237832874,
      "bike": 0.0,
      "motor": 0.0,
      "rider": 0.0,
      "traffic light": 0.0606060606060606,
      "traffic sign": 0.09062809264738309,
      "train": 0.0
    },
    "iou_threshold": 0.7500000000000002,
    "score_threshold": 0.05,
    "total_ground_truths": {
      "9": 34908,
      "8": 26885,
      "1": 102506,
      "7": 649,
      "6": 452,
      "4": 13262,
      "3": 1597,
      "2": 4245,
      "5": 1007,
      "10": 15
    }
  },
  "iou_0.55": {
    "mAP": 0.10620487107836522,
    "per_class_AP": {
      "car": 0.5424809569481286,
      "truck": 0.0013652029900183518,
      "bus": 0.0,
      "person": 0.17469423780103394,
      "bike": 0.005681818181818182,
      "motor": 0.0,
      "rider": 0.0,
      "traffic light": 0.1537554446736188,
      "traffic sign": 0.18407105018903425,
      "train": 0.0
    },
    "iou_threshold": 0.55,
    "score_threshold": 0.05,
    "total_ground_truths": {
      "9": 34908,
      "8": 26885,
      "1": 102506,
      "7": 649,
      "6": 452,
      "4": 13262,
      "3": 1597,
      "2": 4245,
      "5": 1007,
      "10": 15
    }
  },
  "iou_0.60": {
    "mAP": 0.09680956874084712,
    "per_class_AP": {
      "car": 0.4949051906795486,
      "truck": 0.0012948740846579745,
      "bus": 0.0,
      "person": 0.1708566662695103,
      "bike": 0.0,
      "motor": 0.0,
      "rider": 0.0,
      "traffic light": 0.12625450078363926,
      "traffic sign": 0.17478445559111513,
      "train": 0.0
    },
    "iou_threshold": 0.6000000000000001,
    "score_threshold": 0.05,
    "total_ground_truths": {
      "9": 34908,
      "8": 26885,
      "1": 102506,
      "7": 649,
      "6": 452,
      "4": 13262,
      "3": 1597,
      "2": 4245,
      "5": 1007,
      "10": 15
    }
  },
  "iou_0.65": {
    "mAP": 0.08624563360281497,
    "per_class_AP": {
      "car": 0.4396087993808344,
      "truck": 0.0013021621949003694,
      "bus": 0.0,
      "person": 0.16429953025697708,
      "bike": 0.0,
      "motor": 0.0,
      "rider": 0.0,
      "traffic light": 0.10914782995440374,
      "traffic sign": 0.14809801424103394,
      "train": 0.0
    },
    "iou_threshold": 0.6500000000000001,
    "score_threshold": 0.05,
    "total_ground_truths": {
      "9": 34908,
      "8": 26885,
      "1": 102506,
      "7": 649,
      "6": 452,
      "4": 13262,
      "3": 1597,
      "2": 4245,
      "5": 1007,
      "10": 15
    }
  },
  "iou_0.70": {
    "mAP": 0.07406149008471248,
    "per_class_AP": {
      "car": 0.3745348037184295,
      "truck": 0.0010639191421451968,
      "bus": 0.0,
      "person": 0.15110748743035737,
      "bike": 0.0,
      "motor": 0.0,
      "rider": 0.0,
      "traffic light": 0.08146353125579119,
      "traffic sign": 0.13244515930040152,
      "train": 0.0
    },
    "iou_threshold": 0.7000000000000002,
    "score_threshold": 0.05,
    "total_ground_truths": {
      "9": 34908,
      "8": 26885,
      "1": 102506,
      "7": 649,
      "6": 452,
      "4": 13262,
      "3": 1597,
      "2": 4245,
      "5": 1007,
      "10": 15
    }
  },
  "iou_0.80": {
    "mAP": 0.03606360575190322,
    "per_class_AP": {
      "car": 0.20486820239628362,
      "truck": 0.0005196289849047779,
      "bus": 0.0,
      "person": 0.037337662337662336,
      "bike": 0.0,
      "motor": 0.0,
      "rider": 0.0,
      "traffic light": 0.022727272727272728,
      "traffic sign": 0.09518329107290872,
      "train": 0.0
    },
    "iou_threshold": 0.8000000000000003,
    "score_threshold": 0.05,
    "total_ground_truths": {
      "9": 34908,
      "8": 26885,
      "1": 102506,
      "7": 649,
      "6": 452,
      "4": 13262,
      "3": 1597,
      "2": 4245,
      "5": 1007,
      "10": 15
    }
  },
  "iou_0.85": {
    "mAP": 0.015226285234999462,
    "per_class_AP": {
      "car": 0.09170063323385981,
      "truck": 0.00035488259300881295,
      "bus": 0.0,
      "person": 0.016267942583732056,
      "bike": 0.0,
      "motor": 0.0,
      "rider": 0.0,
      "traffic light": 0.013636363636363636,
      "traffic sign": 0.0303030303030303,
      "train": 0.0
    },
    "iou_threshold": 0.8500000000000003,
    "score_threshold": 0.05,
    "total_ground_truths": {
      "9": 34908,
      "8": 26885,
      "1": 102506,
      "7": 649,
      "6": 452,
      "4": 13262,
      "3": 1597,
      "2": 4245,
      "5": 1007,
      "10": 15
    }
  },
  "iou_0.90": {
    "mAP": 0.011506283755218769,
    "per_class_AP": {
      "car": 0.09090909090909091,
      "truck": 4.861448711716092e-05,
      "bus": 0.0,
      "person": 0.011363636363636364,
      "bike": 0.0,
      "motor": 0.0,
      "rider": 0.0,
      "traffic light": 0.0034965034965034965,
      "traffic sign": 0.009244992295839754,
      "train": 0.0
    },
    "iou_threshold": 0.9000000000000004,
    "score_threshold": 0.05,
    "total_ground_truths": {
      "9": 34908,
      "8": 26885,
      "1": 102506,
      "7": 649,
      "6": 452,
      "4": 13262,
      "3": 1597,
      "2": 4245,
      "5": 1007,
      "10": 15
    }
  },
  "iou_0.95": {
    "mAP": 0.0007161929566613836,
    "per_class_AP": {
      "car": 0.00505050505050505,
      "truck": 0.0,
      "bus": 0.0,
      "person": 0.00035373187124159886,
      "bike": 0.0,
      "motor": 0.0,
      "rider": 0.0,
      "traffic light": 0.00026737967914438503,
      "traffic sign": 0.0014903129657228018,
      "train": 0.0
    },
    "iou_threshold": 0.9500000000000004,
    "score_threshold": 0.05,
    "total_ground_truths": {
      "9": 34908,
      "8": 26885,
      "1": 102506,
      "7": 649,
      "6": 452,
      "4": 13262,
      "3": 1597,
      "2": 4245,
      "5": 1007,
      "10": 15
    }
  },
  "mAP_avg": 0.05908407877705572
}